modern_name,ayurvedic_names/0,ayurvedic_names/1,ayurvedic_names/2,doshic_imbalance/primary,doshic_imbalance/secondary/0,doshic_imbalance/secondary/1,description,formulations/0/name,formulations/0/common_name,formulations/0/rasa_guna_virya_vipaka/rasa/0,formulations/0/rasa_guna_virya_vipaka/guna/0,formulations/0/rasa_guna_virya_vipaka/guna/1,formulations/0/rasa_guna_virya_vipaka/virya,formulations/0/rasa_guna_virya_vipaka/vipaka,formulations/0/contraindications/0,formulations/0/contraindications/1,formulations/0/benefits/0,formulations/1/name,formulations/1/common_name,formulations/1/rasa_guna_virya_vipaka/rasa/0,formulations/1/rasa_guna_virya_vipaka/rasa/1,formulations/1/rasa_guna_virya_vipaka/guna/0,formulations/1/rasa_guna_virya_vipaka/guna/1,formulations/1/rasa_guna_virya_vipaka/virya,formulations/1/rasa_guna_virya_vipaka/vipaka,formulations/1/contraindications/0,formulations/1/contraindications/1,formulations/1/benefits/0,formulations/2/name,formulations/2/common_name,formulations/2/rasa_guna_virya_vipaka/rasa/0,formulations/2/rasa_guna_virya_vipaka/guna/0,formulations/2/rasa_guna_virya_vipaka/guna/1,formulations/2/rasa_guna_virya_vipaka/virya,formulations/2/rasa_guna_virya_vipaka/vipaka,formulations/2/contraindications/0,formulations/2/contraindications/1,formulations/2/benefits/0,warning,formulations/0/rasa_guna_virya_vipaka/rasa/1,formulations/2/rasa_guna_virya_vipaka/rasa/1,formulations/2/contraindications/2,formulations/0/rasa/0,formulations/0/guna/0,formulations/0/guna/1,formulations/0/virya,formulations/0/vipaka,formulations/1/rasa/0,formulations/1/rasa/1,formulations/1/guna/0,formulations/1/guna/1,formulations/1/virya,formulations/1/vipaka,formulations/2/rasa/0,formulations/2/rasa/1,formulations/2/guna/0,formulations/2/guna/1,formulations/2/virya,formulations/2/vipaka,references/0,references/1,references/2,references/3,formulations/0/rasa/1,formulations/0/rasa_guna_virya_vipaka/rasa/2,doshic_imbalance/secondary/2,formulations/2/rasa_guna_virya_vipaka/rasa/2,formulations/1/rasa_guna_virya_vipaka/rasa/2,formulations/0/scientific_name,formulations/1/scientific_name,formulations/2/scientific_name
Fungal Infection,Khadira,Dadru,Kushtha,Kapha,Pitta,Vata,"Fungal infections occur due to the overgrowth of fungi on the skin or within the body, leading to skin rashes, itching, redness, and sometimes other systemic symptoms.",Neem,Neem Oil,Tikta,Laghu,Ruksha,Sheeta,Katu,Pregnancy,Individuals with hypoglycemia,"Neem (Azadirachta indica) is known for its potent anti-fungal properties. It is mentioned in ancient texts for its 'krimighna' property, meaning it has qualities to combat various microbes, including fungi.",Haridra,Turmeric Powder,Tikta,Katu,Laghu,Ruksha,Ushna,Katu,Pregnancy,Individuals with gallbladder issues or bile duct obstruction,"Haridra (Curcuma longa, turmeric) possesses 'kandughna' properties as per Bhaishajya Ratnavali, indicating its potential in relieving itching and other symptoms associated with fungal infections.",Guduchi,Guduchi Powder,Tikta,Laghu,Snigdha,Sheeta,Katu,Pregnancy,Individuals with autoimmune disorders,"Guduchi (Tinospora cordifolia) is renowned in Sushruta Samhita for its 'krimighna' properties, suggesting its ability to fight against fungal infections and other microbial infestations.",,,,,,,,,,,,,,,,,,,,,,,,,,,,,,,,,
Drug Reaction,Aushadha Pratikriya,,,Pitta,Vata,Kapha,"Drug reactions occur when the body responds adversely to a medication or substance, leading to various symptoms such as rash, itching, swelling, fever, or in severe cases, anaphylaxis.",Haridra,Turmeric Powder,Tikta,Laghu,Ruksha,Ushna,Katu,Individuals with gallbladder issues or bile duct obstruction,,"Haridra (Curcuma longa, turmeric) is known for its 'kaphaghna' (reducing Kapha dosha) and 'shothahara' (anti-inflammatory) properties, which may help alleviate drug-induced inflammations and allergic reactions.",Guduchi,Guduchi Powder,Tikta,,Laghu,Snigdha,Sheeta,Katu,Pregnancy,Individuals with autoimmune disorders,"Guduchi (Tinospora cordifolia) is described in Ashtanga Hridaya for its 'amrita' properties, indicating rejuvenating and immune-modulating effects. It is suggested to have a detoxifying impact, potentially aiding in managing various drug-induced toxicities and reactions.",Yashtimadhu,Licorice Powder,Madhura,Guru,Snigdha,Sheeta,Madhura,"Individuals with hypertension, kidney disorders, or excessive potassium levels",,"Yashtimadhu (Glycyrrhiza glabra, licorice) is referred to as 'madyasava' in Charaka Samhita, indicating its soothing properties on the stomach lining. It is believed to assist in balancing adverse drug reactions that affect the gastrointestinal system.",,Katu,,,,,,,,,,,,,,,,,,,,,,,,,,,,,,,
Impetigo,Pama,,,Kapha,Pitta,,"Impetigo is a highly contagious bacterial skin infection characterized by red sores that quickly rupture, ooze, and then form a yellow-brown crust. It commonly affects children and infants.",Neem,Neem Leaves,Tikta,Laghu,Ruksha,Sheeta,Katu,Pregnant or breastfeeding women,Individuals with hypoglycemia,"Neem (Azadirachta indica) is recognized in ancient Ayurvedic texts for its 'krimighna' (anti-microbial) properties, which may aid in controlling bacterial infections associated with impetigo.",Haridra,Turmeric,Tikta,Katu,Laghu,Ruksha,Ushna,Katu,Individuals with gallbladder problems or obstructive jaundice,,"Haridra (Curcuma longa, turmeric) is known for its 'rukshana' (drying), 'kandughna' (anti-pruritic), and 'krimighna' (anti-microbial) properties, which could assist in soothing the skin and combating microbial growth in impetigo.",Manjistha,Manjistha Powder,Tikta,Laghu,Ruksha,Sheeta,Katu,Individuals prone to kidney stones,,"Manjistha (Rubia cordifolia) is mentioned in Charaka Samhita for its 'vrana shodhana' (wound-healing) and 'kandughna' (anti-pruritic) properties, potentially aiding in the healing process and relieving itching associated with impetigo.",,Katu,,,,,,,,,,,,,,,,,,,,,,,,,,,,,,,
Dengue,Dandaka Jwara,Visarpa,,Pitta,Vata,Kapha,"Dengue is a mosquito-borne viral infection that causes flu-like symptoms, including high fever, severe joint pain, muscle pain, headache, and rash. It is transmitted by the Aedes mosquitoes.",Papaya Leaf Extract,Papaya Leaf Juice,Tikta,Laghu,Ruksha,Sheeta,Katu,Pregnant or breastfeeding women,,Papaya Leaf Extract is widely recognized in traditional and folk medicine for its ability to increase platelet count and reduce symptoms associated with dengue.,Giloy,Giloy Stem Powder,Tikta,,Laghu,Snigdha,Sheeta,Madhura,Individuals with excessively low blood sugar,,"Giloy, known as 'Amrita' in Ayurveda, possesses 'jwara-hara' properties, which aid in reducing fever, boosting immunity, and combating infections, as mentioned in various sections of Charaka Samhita.",Tulsi,Tulsi Leaves,Tikta,Laghu,Ruksha,Sheeta,Katu,Pregnant or breastfeeding women,,"Tulsi, revered for its 'jwaraghna' (fever-reducing) and 'vishaghna' (antidote) properties in Bhavaprakasha, is considered beneficial in alleviating symptoms associated with dengue and aiding recovery.",,,Katu,,,,,,,,,,,,,,,,,,,,,,,,,,,,,,
Chronic Cholestasis,Pittashaya,,,Pitta,Kapha,Vata,"Chronic Cholestasis is a condition where bile flow from the liver is impaired, leading to the accumulation of bile in the liver. This can cause symptoms such as jaundice, itching, fatigue, and abdominal pain.",Kutki,Kutki Powder,Tikta,Laghu,Ruksha,Sheeta,Katu,Pregnancy,Individuals with hypoglycemia,"Kutki (Picrorhiza kurroa) is described in Charaka Samhita for its 'yakritottejaka' (liver-stimulating) properties. It enhances liver function and promotes bile secretion, aiding in the management of chronic cholestasis.",Punarnava,Punarnava Powder,Katu,Tikta,Guru,Snigdha,Sheeta,Katu,Pregnancy,Individuals with renal disorders,"Punarnava (Boerhavia diffusa) is mentioned in Bhavaprakasha as 'yakritprashamana,' meaning it helps pacify liver disorders. Its anti-inflammatory and diuretic actions may ease symptoms of cholestasis.",Bhumyamalaki,Bhumyamalaki Powder,Tikta,Laghu,Ruksha,Sheeta,Katu,Pregnancy,Individuals with hypoglycemia,"Bhumyamalaki (Phyllanthus niruri), as referenced in Kashyapa Samhita, has 'yakritprabhava' (liver-protective) qualities. It supports liver health and aids in reducing the effects of chronic cholestasis.",,,,,,,,,,,,,,,,,,,,,,,,,,,,,,,,,
Hepatitis C,Yakrit Pliha Vikara,,,Pitta,Kapha,Vata,"Hepatitis C is a viral liver infection caused by the Hepatitis C virus. It can lead to both acute and chronic liver disease, causing symptoms such as fatigue, abdominal pain, jaundice, and in chronic cases, liver cirrhosis or cancer.",Bhumyamalaki,Bhumyamalaki Powder,Tikta,Laghu,Ruksha,Sheeta,Katu,Individuals with hypoglycemia,,"Bhumyamalaki (Phyllanthus niruri) is referenced in Charaka Samhita for its 'yakritpleehahara' properties, indicating its effectiveness in liver and spleen disorders. It is considered hepatoprotective and antiviral, supporting liver function in Hepatitis C.",Kutki,Kutki Powder,Tikta,,Laghu,Ruksha,Sheeta,Katu,Pregnant or breastfeeding women,,Kutki (Picrorhiza kurroa) is mentioned in Bhavaprakasha as 'ropani' for liver conditions. Its bitter taste and cooling properties help stimulate liver activity and may provide protection against viral infections like Hepatitis C.,Arogyavardhini Vati,Arogyavardhini Tablets,Tikta,Laghu,Snigdha,Sheeta,Katu,High blood pressure,Hyperacidity,Arogyavardhini Vati is a classical Ayurvedic formulation recommended in Charaka Samhita for its detoxifying actions and liver-supportive benefits. It may aid in managing liver inflammation and damage due to Hepatitis C.,,Kashaya,Katu,Gastritis,,,,,,,,,,,,,,,,,,,,,,,,,,,,,
AIDS,Ojakshaya,,,,,,"AIDS (Acquired Immunodeficiency Syndrome) is a chronic, potentially life-threatening condition caused by the human immunodeficiency virus (HIV). HIV attacks the immune system, the body's defense against infections. Over time, HIV can weaken the immune system so much that the body becomes unable to fight off even common infections. This leaves people with AIDS vulnerable to potentially life-threatening infections and cancers.",,,,,,,,,,,,,,,,,,,,,,,,,,,,,,,,Please consult a healthcare professional for accurate diagnosis and personalized treatment plan. AIDS is a severe condition that requires careful evaluation and management. Any self-treatment or dietary modifications should be undertaken only under the guidance of a qualified Ayurvedic practitioner.,,,,,,,,,,,,,,,,,,,,,,,,,,,,,,,,
Jaundice,Kamala,,,Pitta,Kapha,,"Jaundice is a condition characterized by yellowing of the skin and eyes due to an excess of bilirubin in the blood. It can be caused by various factors, including liver disorders, viral infections, or bile duct obstructions.",Kutki (Picrorhiza kurroa),Kutki Powder,,,,,,Pregnant or breastfeeding women,Individuals with hypoglycemia,,Bhumyamalaki (Phyllanthus niruri),Bhumyamalaki Powder,,,,,,,Individuals with excessively low blood sugar,,,Punarnava (Boerhavia diffusa),Punarnava Powder,,,,,,Individuals with kidney diseases,,,,,,,Tikta (Bitter),Laghu (Light),Ruksha (Dry),Sheeta (Cooling),Katu (Pungent),Tikta (Bitter),Kashaya (Astringent),Laghu (Light),Ruksha (Dry),Sheeta (Cooling),Katu (Pungent),Katu (Pungent),Tikta (Bitter),Guru (Heavy),Snigdha (Unctuous),Sheeta (Cooling),Katu (Pungent),Ashtanga Hridaya mentions the use of the following herbs for managing jaundice:,"Kutki (Picrorhiza kurroa) is described for its 'pittashamaka' property, known to pacify Pitta dosha and aid in treating liver disorders like jaundice.","Bhumyamalaki (Phyllanthus niruri) is known as 'yakritpleehahara' in Ashtanga Hridaya, indicating its hepatoprotective properties, beneficial for liver-related conditions such as jaundice.","Punarnava (Boerhavia diffusa) is described as 'yakritottejaka' in Ayurvedic texts, suggesting its role in enhancing liver functions and managing jaundice.",,,,,,,,
Gastroenteritis,Grahani,,,Vata,Pitta,Kapha,"Gastroenteritis is an inflammation of the stomach and intestines, usually caused by viral or bacterial infections. It leads to symptoms such as diarrhea, abdominal cramps, nausea, vomiting, and sometimes fever.",Bilva (Aegle marmelos),Bael Fruit Powder,,,,,,Individuals with constipation or excessive Kapha,,,Musta (Cyperus rotundus),Musta Powder,,,,,,,Individuals with excessive dryness or Vata imbalance,,,Kutaja (Holarrhena antidysenterica),Kutaja Powder,,,,,,Pregnant women and individuals with hypoglycemia,,,,,,,Tikta (Bitter),Guru (Heavy),Snigdha (Unctuous),Sheeta (Cooling),Madhura (Sweet),Tikta (Bitter),Katu (Pungent),Laghu (Light),Ruksha (Dry),Sheeta (Cooling),Katu (Pungent),Tikta (Bitter),Katu (Pungent),Laghu (Light),Ruksha (Dry),Sheeta (Cooling),Katu (Pungent),Ashtanga Hridaya mentions the use of the following herbs for managing gastroenteritis:,"Bilva (Aegle marmelos) is described for its 'ashmarihara' property, which means it has anti-diarrheal and digestive-stimulant effects, often used in cases of gastroenteritis to alleviate diarrhea and improve digestion.","Musta (Cyperus rotundus) is referred to as 'grahi' in Ashtanga Hridaya, indicating its ability to absorb excess moisture in the gastrointestinal tract, potentially beneficial in managing diarrhea and gastrointestinal infections.","Kutaja (Holarrhena antidysenterica) is known for its 'atisara-hara' properties, which means it has anti-dysenteric effects, beneficial in treating dysentery and gastrointestinal disturbances like gastroenteritis.",Madhura (Sweet),,,,,,,
Typhoid,Jwara,Visuchika,,Pitta,Vata,Kapha,"Typhoid is a bacterial infection caused by Salmonella typhi. It leads to symptoms such as prolonged fever, weakness, abdominal pain, headache, and loss of appetite.",Musta,Musta Powder,Tikta,Laghu,Ruksha,Sheeta,Katu,Individuals with gastric irritation or hyperacidity,,"Musta (Cyperus rotundus) is recommended in Ayurvedic texts for its 'jvaraghna' properties, known to aid in managing fever, including that of Typhoid.",Guduchi,Guduchi Tablets,Tikta,,Laghu,Snigdha,Sheeta,Madhura,Individuals with autoimmune diseases,,"Guduchi (Tinospora cordifolia) is regarded in Ashtanga Hridaya for its 'amrita' properties, suggesting its immune-modulating effects, potentially aiding in managing infections such as Typhoid.",Kutaja,Kutaja Churna,Tikta,Laghu,Ruksha,Sheeta,Katu,Pregnant or breastfeeding women,,"Kutaja (Holarrhena antidysenterica) is mentioned for its 'jvarahara' effects, indicating its potential in alleviating fever and gastrointestinal symptoms associated with Typhoid.",,Katu,Katu,,,,,,,,,,,,,,,,,,,,,,,,,,,,,,
Malaria,Visama-Jwara,Pitta-Jwara,Kapha-Jwara,Pitta,Vata,Kapha,"Malaria is a mosquito-borne disease that causes symptoms such as fever, chills, fatigue, and headache. It is caused by a parasite called Plasmodium, which is transmitted to humans through the bites of infected Anopheles mosquitoes.",Ama-Jwara Churna,Ama-Jwara Powder,Katu,Ruksha,Laghu,Sheeta,Katu,Excessive Vata imbalance,,"Ama-Jwara Churna, a formulation described in Ashtanga Hridaya, is believed to be effective against 'ama-jwara' (fever due to toxic accumulation) and is used in treating various types of fevers, including malaria.",Yavakshara Churna,Barley Ash Powder,Lavana,,Laghu,Ruksha,Sheeta,Lavana,Excessive Vata imbalance,Kidney diseases,"Yavakshara Churna, also referenced in Ashtanga Hridaya, is known for its antipyretic properties. It is indicated in managing intermittent fevers like those seen in malaria.",Manjisthadi Kwath,Manjistha Decoction,Tikta,Laghu,Ruksha,Sheeta,Katu,Excessive Vata imbalance,Pregnancy and breastfeeding,"Manjisthadi Kwath, an herbal decoction mentioned in Ashtanga Hridaya, is known for its 'jwarahar' (anti-fever) properties. It is used as an adjunct therapy in the treatment of malaria due to its potential antipyretic effects.",,Tikta,Kashaya,,,,,,,,,,,,,,,,,,,,,,,,,,,,,,
Hepatitis A,Yakritodara,,,Pitta,Kapha,Vata,"Hepatitis A is a viral liver infection caused by the Hepatitis A virus. It leads to symptoms such as jaundice, fatigue, abdominal pain, nausea, and loss of appetite.",Bhumyamalaki,Bhumyamalaki Powder,Tikta,Laghu,Ruksha,Sheeta,Katu,Individuals with hypoglycemia,,"Bhumyamalaki (Phyllanthus niruri) is recognized for its 'yakritpleehahara' properties in Ayurveda, indicating its beneficial effects on the liver and spleen. It is believed to have hepatoprotective and antiviral actions, potentially aiding in Hepatitis A treatment.",Kutki,Kutki Powder,Tikta,,Laghu,Ruksha,Sheeta,Katu,Pregnant or breastfeeding women,,"Kutki (Picrorhiza kurroa) is described in Bhavaprakasha for its 'yakritottejak' actions, known to stimulate liver function. It is suggested to possess anti-inflammatory and antiviral properties, potentially assisting in managing Hepatitis A.",Arogyavardhini Vati,Arogyavardhini Tablets,Tikta,Laghu,Snigdha,Sheeta,Katu,"High blood pressure, hyperacidity, and gastritis",,"Arogyavardhini Vati is an Ayurvedic formulation mentioned in various texts like Charaka Samhita and Bhaishajya Ratnavali. It is known for its hepatoprotective and immunomodulatory effects, potentially beneficial in supporting liver function during Hepatitis A.",,Kashaya,Katu,,,,,,,,,,,,,,,,,,,,,,,,,,,,,,
Hepatitis D,Yakrit Pliha Vikara,,,Pitta,Kapha,Vata,Hepatitis D (Delta Hepatitis) is a liver infection caused by the Hepatitis D virus (HDV). It only occurs in individuals who are infected with the Hepatitis B virus (HBV). Hepatitis D infection can be more severe than HBV alone and can lead to serious liver complications.,Bhumyamalaki,Bhumyamalaki Powder,Tikta,Laghu,Ruksha,Sheeta,Katu,Individuals with hypoglycemia,,"Bhumyamalaki (Phyllanthus niruri) is mentioned in Bhaishajya Ratnavali as a potent herb for liver disorders. It is believed to possess hepatoprotective properties, potentially aiding in the management of Hepatitis D.",Kutki,Kutki Powder,Tikta,,Laghu,Ruksha,Sheeta,Katu,Pregnant or breastfeeding women,,"Kutki (Picrorhiza kurroa) is described in Charaka Samhita for its 'yakritottejaka' properties, indicating its role in enhancing liver function. It is suggested to have antiviral effects, potentially helpful in Hepatitis D management.",Arogyavardhini Vati,Arogyavardhini Tablets,Tikta,Laghu,Snigdha,Sheeta,Katu,"High blood pressure, hyperacidity, and gastritis",,"Arogyavardhini Vati is recommended in various Ayurvedic texts, including Charaka Samhita and Bhaishajya Ratnavali, for liver ailments. It is believed to regulate liver functions and support the treatment of Hepatitis D.",,Kashaya,Katu,,,,,,,,,,,,,,,,,,,,,,,,,,,,,,
Common Cold,Pratishyaya,,,Kapha,Vata,Pitta,"The common cold is a viral infection affecting the upper respiratory tract, causing symptoms such as a runny or stuffy nose, sneezing, sore throat, coughing, and mild fatigue.",Trikatu Churna,Trikatu Powder,Katu,Laghu,Ruksha,Ushna,Katu,"Individuals with gastritis, hyperacidity, or ulcers",,"Trikatu Churna is known for its deepana (digestive stimulant) and pachana (digestive) properties, making it effective in managing Kapha-related congestion and enhancing metabolism during colds.",Tulsi,Holy Basil,Katu,Tikta,Laghu,Ruksha,Ushna,Katu,Pregnant or breastfeeding women,Individuals with bleeding disorders,"Tulsi (Ocimum sanctum) is widely used in Ayurveda for its antimicrobial, anti-inflammatory, and adaptogenic effects, supporting immune function and easing respiratory symptoms.",Sitopaladi Churna,Sitopaladi Powder,Madhura,Laghu,Snigdha,Sheeta,Madhura,Individuals with diabetes or high blood sugar levels,,"Sitopaladi Churna is a classical formulation used to manage cough, cold, and respiratory distress. It soothes the throat and reduces inflammation while balancing aggravated doshas.",,,Katu,,,,,,,,,,,,,,,,,,,,,,,,,,,,,,
Dimorphic Hemorrhoids (Piles),Arsha,,,Vata,Pitta,Kapha,"Hemorrhoids, commonly known as piles, are swollen and inflamed veins in the rectum and anus that can cause discomfort, bleeding, itching, and pain during bowel movements.",Triphala Churna,Triphala Powder,Katu,Ruksha,Laghu,Sheeta,Katu,Individuals with excessive Vata imbalance,,"Triphala is mentioned in Sushruta Samhita for its tridoshaghna (balances all three doshas) and anulomana (regulates bowel movement) effects. Its mild laxative and detoxifying properties help reduce strain during defecation, easing symptoms of hemorrhoids.",Arshoghni Vati,Arshoghni Tablets,Katu,Tikta,Laghu,Ruksha,Ushna,Katu,Pregnant or breastfeeding women,,"Arshoghni Vati, described in Bhaishajya Ratnavali, is effective in managing hemorrhoids due to its arshoghna (anti-hemorrhoidal) and shothahara (anti-inflammatory) properties. It is traditionally used to reduce swelling, discomfort, and promote healing.",Khadirarishta,Khadirarishta Tonic,Tikta,Laghu,Ruksha,Sheeta,Katu,Individuals with liver disorders,,"Khadirarishta, mentioned in Ashtanga Hridaya, is a fermented herbal tonic with pachana (digestive), rasayana (rejuvenative), and shothahara (anti-inflammatory) actions. It supports detoxification and tissue healing in hemorrhoidal conditions.",,Tikta,Kashaya,,,,,,,,,,,,,,,,,,,,,,,,Kashaya,,,,,,
Arthritis,Amavata,,,Vata,Ama,Pitta,"Arthritis is a condition characterized by joint inflammation, stiffness, swelling, and pain. It can affect one or multiple joints and is commonly associated with reduced mobility and discomfort.",Guggulu,Guggul,Tikta,Laghu,Snigdha,Ushna,Katu,Pregnant or breastfeeding women,Individuals with bleeding disorders,"Guggulu, mentioned in Charaka Samhita, is known for its 'shothahara' (anti-inflammatory) properties. It helps reduce joint swelling and inflammation, offering relief in arthritic conditions through its detoxifying and rejuvenating actions.",Ashwagandha,Ashwagandha Powder,Tikta,Kashaya,Laghu,Snigdha,Ushna,Katu,Individuals with hyperthyroidism or autoimmune disorders,,"Ashwagandha, known for its vata-pacifying qualities, is useful in reducing stiffness and pain. Its rasayana (rejuvenative) and balya (strengthening) properties support joint health and improve mobility in arthritic patients.",Triphala Churna,Triphala Powder,Katu,Ruksha,Laghu,Sheeta,Katu,Individuals with excessive Vata imbalance,,"Triphala Churna, a blend of Amalaki, Bibhitaki, and Haritaki, is recognized in Ayurvedic literature for its detoxifying and mild anti-inflammatory actions. It aids in reducing systemic ama (toxins), improving digestion and metabolism—key in managing Amavata.",,Katu,Tikta,,,,,,,,,,,,,,,,,,,,,,,,,Kapha,Kashaya,,,,
Acne,Yauvan Pidika,,,Kapha,Pitta,,"Acne is a skin condition characterized by the occurrence of pimples, blackheads, whiteheads, and often inflammation or infection of sebaceous glands on the face, back, or chest.",Neem,Neem Leaves,Tikta,Laghu,Ruksha,Sheeta,Katu,Pregnant or breastfeeding women,Individuals with extremely low blood sugar levels,"Neem is known for its 'kusthaghna' (skin disease alleviating) and blood-purifying properties, with antibacterial and anti-inflammatory effects beneficial for acne management.",Haridra,Turmeric,Tikta,Katu,Laghu,Ruksha,Ushna,Katu,Individuals with gallbladder problems or obstructive jaundice,,"Haridra (Turmeric) is valued for its 'rakta shodhana' (blood-purifying) and anti-inflammatory properties, helpful in reducing inflammation and preventing acne outbreaks.",Manjistha,Manjistha Powder,Tikta,Laghu,Ruksha,Sheeta,Katu,Individuals prone to kidney stones,,"Manjistha is recognized for its 'raktashodhaka' (blood-purifying) and detoxifying effects, promoting clear skin and aiding in the management of acne and other skin conditions.",,,,,,,,,,,,,,,,,,,,,,,,,,,,,,,,,
Urinary Tract Infection,Mutrakrichra,Prameha,,Pitta,Vata,Kapha,"A Urinary Tract Infection (UTI) is an infection in any part of the urinary system, including the kidneys, ureters, bladder, and urethra. It often causes a burning sensation during urination, frequent urges to urinate, cloudy or bloody urine, and pelvic pain.",Gokshura,Gokshura Capsules,Madhura,Guru,Snigdha,Sheeta,Madhura,Pregnant women,Individuals with fluid retention or kidney diseases,"Gokshura (Tribulus terrestris) is used in Ayurveda for its diuretic and cooling properties, helping to soothe urinary tract irritation and support healthy kidney and bladder function.",Chandraprabha Vati,Chandraprabha Tablets,Tikta,Katu,Laghu,Snigdha,Sheeta,Katu,Individuals with diabetes,,"Chandraprabha Vati is a classical Ayurvedic formulation known for its effectiveness in urinary tract disorders, offering antimicrobial, anti-inflammatory, and diuretic actions.",Punarnavadi Kashayam,Punarnavadi Decoction,Tikta,Laghu,Ruksha,Sheeta,Katu,Pregnant or breastfeeding women,,"Punarnavadi Kashayam is widely used in Ayurveda for reducing swelling and inflammation in the urinary tract, aiding in detoxification, and promoting healthy urination.",,Tikta,Kashaya,,,,,,,,,,,,,,,,,,,,,,,,,,,,,,
Psoriasis,Kitibha,,,Vata,Pitta,Kapha,"Psoriasis is a chronic autoimmune condition that causes the rapid buildup of skin cells, resulting in red, dry, itchy, and sometimes painful patches on the skin. It often goes through cycles of flare-ups and remissions.",Neem,Neem Leaves,Tikta,Laghu,Ruksha,Sheeta,Katu,Pregnant or breastfeeding women,Individuals with hypoglycemia or diabetes,"Neem (Azadirachta indica) is known for its 'kandughna' (anti-itch) and antibacterial properties, helping manage skin conditions like psoriasis through detoxification and reduction of inflammation.",Triphala Kwath,Triphala Decoction,Katu,Tikta,Ruksha,Laghu,Sheeta,Katu,Individuals with excessive dryness or dehydration,,"Triphala Kwath, with its blood-purifying ('raktashodhana') qualities, helps detoxify the body and reduce inflammation, which can be beneficial in psoriasis management.",Guduchi,Guduchi Extract,Tikta,Laghu,Snigdha,Sheeta,Katu,Individuals with autoimmune disorders,,"Guduchi (Tinospora cordifolia) is known for its 'kusthaghna' (skin disorder relieving) and immunomodulatory properties, potentially supporting the treatment of chronic skin conditions like psoriasis.",,,,,,,,,,,,,,,,,,,,,,,,,,,,,,Kashaya,,,
Allergy,Asatmya,,,Kapha,Pitta,Vata,"Allergies are an immune system response to foreign substances, often causing symptoms such as sneezing, itching, watery eyes, skin rashes, or in severe cases, anaphylaxis.",Tulsi,Holy Basil,Tikta (Bitter),Laghu (Light),Ruksha (Dry),Sheeta (Cold),Katu (Pungent),Pregnancy,Individuals with hypoglycemia,"Tulsi (Ocimum sanctum) is described for its 'shothahara' property, which means it possesses anti-inflammatory actions that can help manage swelling, inflammations, and related allergic reactions",Guduchi,Guduchi Powder,Tikta (Bitter),,Laghu (Light),Snigdha (Unctuous),Sheeta (Cold),Katu (Pungent),Pregnancy,Individuals with autoimmune disorders,"It is believed to have 'shvasahara' properties, meaning it can alleviate breathing difficulties, including allergic respiratory conditions",Haridra,Turmeric Powder,Tikta (Bitter),Laghu (Light),Ruksha (Dry),Ushna (Hot),Katu (Pungent),Pregnancy,Individuals with gallbladder issues or bile duct obstruction,"Haridra (Curcuma longa, turmeric) is known for its 'kaphaghna' (reducing Kapha dosha) and 'shothahara' (anti-inflammatory) properties, which may help manage allergic reactions and inflammatory conditions","Consult a qualified Ayurvedic practitioner before use, especially during pregnancy or if suffering from chronic or systemic conditions.",Katu (Pungent),Katu (Pungent),,,,,,,,,,,,,,,,,,,,,,,,,,,,Ocimum sanctum,Tinospora cordifolia,Curcuma longa
Alcoholic hepatitis,Madatyaya,Yakrit Vikara,,Pitta,Kapha,,The Ayurvedic texts like Charaka Samhita and Bhavaprakasha mention the efficacy of certain herbs in managing alcoholic hepatitis.,Kutki,Picrorhiza kurroa,"Tikta (Bitter), Kashaya (Astringent)","Laghu (Light), Ruksha (Dry)",,Sheeta (Cold),Katu (Pungent),Individuals with severe constipation,Pregnancy,"Its bitter principles are known to stimulate liver function, aiding in the regeneration of liver cells damaged by alcohol consumption",Punarnava,Boerhavia diffusa,"Tikta (Bitter), Kashaya (Astringent)",,"Laghu (Light), Ruksha (Dry)",,Ushna (Hot),Katu (Pungent),Pregnancy,Individuals with kidney disease,It aids in detoxification and may help alleviate symptoms associated with alcoholic hepatitis,,,,,,,,,,,Use under the supervision of an Ayurvedic practitioner. Not recommended for pregnant women or patients with advanced liver failure without medical advice.,,,,,,,,,,,,,,,,,,,,,,,,,,,,,,,,
GERD,Amlapitta,,,Pitta,Vata,Kapha,"GERD (Gastroesophageal Reflux Disease) is a chronic condition where stomach acid flows back into the esophagus, leading to symptoms like heartburn, chest pain, regurgitation, and difficulty swallowing.",Shatavari,Shatavari Powder,"Madhura (Sweet), Tikta (Bitter)","Guru (Heavy), Snigdha (Unctuous)",,Sheetala (Cooling),Madhura (Sweet),Individuals with excessive Kapha or congestion,,"Shatavari (Asparagus racemosus) is known for its 'Pittashamaka' (pacifying Pitta dosha) properties and its soothing effects on the digestive system. It may help alleviate symptoms associated with GERD, such as heartburn and acid reflux.",Yashtimadhu,Licorice Powder,Madhura (Sweet),,"Guru (Heavy), Snigdha (Unctuous)",,Sheeta (Cooling),Madhura (Sweet),"Individuals with hypertension, kidney disorders, or excessive potassium levels",,"Yashtimadhu (Glycyrrhiza glabra, licorice) is referred to as 'madyasava' in Ashtanga Hridaya, indicating its soothing properties on the stomach lining. It may aid in reducing acidity and inflammation in GERD.",Triphala Churna,Triphala Powder,"Katu (Pungent), Tikta (Bitter), Kashaya (Astringent)","Ruksha (Dry), Laghu (Light)",,Ushna (Hot),Katu (Pungent),Individuals with excessive Vata imbalance or diarrhea,,"Triphala, a combination of three fruits (Amla, Haritaki, Bibhitaki), mentioned in Ashtanga Hridaya, is known for its digestive benefits. It might help in regulating digestion and reducing acid reflux associated with GERD.",Use under the supervision of a qualified Ayurvedic practitioner. Individuals with underlying health conditions should consult a healthcare provider before use.,,,,,,,,,,,,,,,,,,,,,,,,,,,,,,,,
Hepatitis E,Kamala,Yakrit Vikara,,Pitta,Kapha,,"Ayurvedic texts like Charaka Samhita and Bhavaprakasha highlight the use of certain herbs and formulations for managing Hepatitis E. It is a viral infection that causes inflammation of the liver, leading to symptoms like jaundice, fatigue, loss of appetite, nausea, and abdominal pain.",Punarnava,Boerhavia diffusa,"Tikta (Bitter), Katu (Pungent)","Guru (Heavy), Snigdha (Unctuous)",,Sheeta (Cold),Katu (Pungent),Pregnancy,Individuals with renal disorders,"Punarnava is traditionally used for its hepatoprotective and detoxifying properties. It is known for 'yakritpleehahara' effects, aiding in liver and spleen health, which makes it suitable for supporting recovery from Hepatitis E.",Kutki,Picrorhiza kurroa,Tikta (Bitter),,"Laghu (Light), Ruksha (Dry)",,Sheeta (Cold),Katu (Pungent),Pregnancy,Individuals with hypoglycemia,"Kutki is well-regarded in Ayurveda for its potent liver protective action. It supports liver detoxification, aids bile secretion, and may help regenerate damaged liver tissues, making it beneficial in conditions like Hepatitis E.",,,,,,,,,,,Should be used under medical supervision. Individuals with underlying health conditions or on medication should consult a healthcare provider before using these herbs.,,,,,,,,,,,,,,,,,,,,,,,,,,,,,,,,
Migraine,Ardhavabhedaka,,,Vata,Pitta,Kapha,"Migraine is a neurological condition characterized by recurring headaches, often accompanied by nausea, sensitivity to light or sound, and in some cases, visual disturbances.",Shankhapushpi,Shankhapushpi Powder,"Tikta (Bitter), Madhura (Sweet)","Laghu (Light), Snigdha (Unctuous)",,Sheeta (Cooling),Madhura (Sweet),Individuals with low blood pressure or hypotension,,"Shankhapushpi (Convolvulus pluricaulis) is described for its calming and nervine tonic properties, which are believed to help alleviate symptoms associated with migraine, such as headaches and stress-related factors.",Jatamansi,Jatamansi Powder,"Tikta (Bitter), Kashaya (Astringent)",,"Laghu (Light), Snigdha (Unctuous)",,Sheeta (Cooling),Katu (Pungent),Pregnant or breastfeeding women,Individuals with extremely low blood pressure,"Jatamansi (Nardostachys jatamansi) is recommended in Ashtanga Hridaya for its 'medhya' (brain tonic) properties, indicating its potential in managing neurological disorders like migraines and associated symptoms.",Dashamoola Kwatha,Dashamoola Decoction,"Tikta (Bitter), Kashaya (Astringent)","Guru (Heavy), Snigdha (Unctuous)",,Sheeta (Cooling),Katu (Pungent),Individuals with excessive congestion or respiratory issues,,"Dashmoola Kwatha, a decoction of ten roots, is mentioned as a therapeutic measure for migraines in Ashtanga Hridaya. Its analgesic and anti-inflammatory properties are believed to assist in reducing the intensity and frequency of migraine attacks.","Consult an Ayurvedic practitioner before use, especially for individuals with underlying health conditions or those on medication for neurological disorders.",,,,,,,,,,,,,,,,,,,,,,,,,,,,,,,,
Peptic ulcer disease,Parinama Shula,Amlapitta,,Pitta,Vata,Kapha,"Peptic ulcers are open sores that develop on the inner lining of the stomach, upper small intestine, or esophagus. They can cause burning stomach pain, bloating, nausea, and in severe cases, bleeding or perforation.",Shatavari,Shatavari Powder,"Madhura (Sweet), Tikta (Bitter)","Guru (Heavy), Snigdha (Unctuous)",,Sheetala (Cooling),Madhura (Sweet),Individuals with excessive Kapha or congestion,,Shatavari (Asparagus racemosus) is valued for its 'Pittashamaka' (Pitta pacifying) and mucosal healing properties. It helps soothe the gastric mucosa and reduce acid-induced inflammation.,Yashtimadhu,Licorice Powder,Madhura (Sweet),,"Guru (Heavy), Snigdha (Unctuous)",,Sheeta (Cooling),Madhura (Sweet),"Individuals with hypertension, kidney disorders, or excessive potassium levels",,Yashtimadhu (Glycyrrhiza glabra) is recognized for its gastroprotective and anti-inflammatory properties. It forms a protective film over ulcers and supports healing of the stomach lining.,Triphala Churna,Triphala Powder,"Katu (Pungent), Tikta (Bitter), Kashaya (Astringent)","Ruksha (Dry), Laghu (Light)",,Ushna (Hot),Katu (Pungent),Individuals with excessive Vata imbalance or diarrhea,,"Triphala is a traditional Ayurvedic blend known for its detoxifying and digestive benefits. It helps regulate digestion and reduces toxic buildup, potentially supporting ulcer healing.",Consult a qualified Ayurvedic practitioner before use. Some formulations may not be suitable for individuals with existing health conditions or those on conventional ulcer medications.,,,,,,,,,,,,,,,,,,,,,,,,,,,,,,,,
Urinary Tract Infection,Mutrakrichra,Prameha,,Pitta,Vata,Kapha,"A Urinary Tract Infection (UTI) is an infection in any part of the urinary system, including the kidneys, ureters, bladder, and urethra. It often causes a burning sensation during urination, frequent urges to urinate, cloudy or bloody urine, and pelvic pain.",Gokshura,Gokshura Capsules,"Madhura (Sweet), Tikta (Bitter)","Guru (Heavy), Snigdha (Unctuous)",,Sheeta (Cooling),Madhura (Sweet),Pregnant women,Individuals with fluid retention or kidney diseases,"Gokshura (Tribulus terrestris) is known for its diuretic and anti-inflammatory effects in Ayurveda, which may help reduce urinary tract discomfort and support kidney function.",Chandraprabha Vati,Chandraprabha Tablets,"Tikta (Bitter), Katu (Pungent)",,"Laghu (Light), Snigdha (Unctuous)",,Sheeta (Cooling),Katu (Pungent),Individuals with diabetes,,Chandraprabha Vati is a classical formulation used in Ayurveda to manage urinary disorders. It supports the healthy function of the urinary system and helps in alleviating inflammation and infection symptoms.,Punarnavadi Kashayam,Punarnavadi Decoction,"Tikta (Bitter), Kashaya (Astringent)","Laghu (Light), Ruksha (Dry)",,Sheeta (Cooling),Katu (Pungent),Pregnant or breastfeeding women,,Punarnavadi Kashayam is a decoction recommended for urinary issues in Ayurveda. It has detoxifying and anti-inflammatory properties that may support urinary tract health and reduce infection.,"Always consult a qualified Ayurvedic practitioner before starting any herbal remedy, especially in cases of chronic UTI or concurrent medical conditions.",,,,,,,,,,,,,,,,,,,,,,,,,,,,,,,,
Chickenpox,Laghu Masurika,Tiktakusta,Visarpa,Pitta,Vata,Kapha,"Chickenpox is a highly contagious viral infection characterized by an itchy rash, fever, and fluid-filled blisters. It is caused by the varicella-zoster virus (VZV).",Neem,Neem Leaves,"Tikta (Bitter), Kashaya (Astringent)","Laghu (Light), Ruksha (Dry)",,Sheeta (Cool),Katu (Pungent),Pregnant or breastfeeding women,,"Neem (Azadirachta indica) is described in Ayurvedic texts for its 'krimighna' (anti-microbial), 'kandughna' (anti-pruritic), and 'vrana ropana' (wound-healing) properties, which help in alleviating itching and skin eruptions associated with chickenpox.",Haridra,Turmeric Powder,"Tikta (Bitter), Katu (Pungent)",,"Laghu (Light), Ruksha (Dry)",,Ushna (Hot),Katu (Pungent),Individuals with gallbladder issues or bile duct obstruction,,Haridra (Curcuma longa) is known for its 'shothahara' (anti-inflammatory) and 'krimighna' (antimicrobial) actions. It helps in managing skin infections and supports healing of skin lesions.,Gandhak Rasayana,Sulfur Preparation,Katu (Pungent),"Laghu (Light), Snigdha (Unctuous)",,Sheeta (Cool),Katu (Pungent),Pregnant or breastfeeding women,Individuals with hypersensitivity to sulfur,"Gandhak Rasayana is a classical Ayurvedic preparation known for its skin-rejuvenating, detoxifying, and anti-inflammatory properties. It is traditionally used in managing infectious skin conditions including chickenpox.","Always consult a qualified Ayurvedic practitioner before beginning any herbal treatment, especially in cases involving children or during pregnancy.",,,,,,,,,,,,,,,,,,,,,Charaka Samhita,Sushruta Samhita,Bhavaprakasha,,,,,,,,,
Bronchial Asthma,Tamaka Shwasa,Shwasa Roga,,Vata,Kapha,Pitta,"Bronchial asthma is a chronic respiratory condition characterized by inflammation and narrowing of the airways, leading to wheezing, coughing, shortness of breath, and chest tightness.",Vasa (Adhatoda vasica),Vasa Leaf Extract,"Tikta (Bitter), Kashaya (Astringent)","Laghu (Light), Ruksha (Dry)",,Sheeta (Cooling),Katu (Pungent),Pregnancy and breastfeeding,Individuals with low blood pressure,,Trikatu Churna,Trikatu Powder,Katu (Pungent),,"Laghu (Light), Ruksha (Dry)",,Ushna (Hot),Katu (Pungent),Individuals with hyperacidity or gastric ulcers,,,Sitopaladi Churna,Sitopaladi Powder,"Madhura (Sweet), Katu (Pungent)","Guru (Heavy), Snigdha (Unctuous)",,Sheeta (Cooling),Madhura (Sweet),Individuals with diabetes or high blood sugar,,,,,,,,,,,,,,,,,,,,,,,,"As per Ayurvedic texts, the use of Trikatu, Vasa, and Sitopaladi has been advocated for the management of bronchial asthma.","Trikatu, a blend of ginger, black pepper, and long pepper, is mentioned in various Ayurvedic texts like Charaka Samhita and Ashtanga Hridaya. It is known for its 'deepana' (digestive stimulant) and 'kaphaghna' (reducing Kapha dosha) properties, which could help in clearing respiratory passages and reducing congestion, often associated with asthma.",Vasa (Adhatoda vasica) is extensively documented in Ayurvedic texts such as Charaka Samhita and Bhavaprakasha. Its 'kaphaghna' and 'shwasahara' (alleviating breathing difficulties) properties are believed to assist in bronchial asthma by reducing inflammation and supporting better breathing.,"Sitopaladi, a classical Ayurvedic formulation, is mentioned in texts like Bhaishajya Ratnavali. It contains ingredients like sugar, bamboo manna, cardamom, and cinnamon. It's known for its 'kaphaghna' and 'shwasahara' properties, which may aid in alleviating symptoms of bronchial asthma.",,,,,,,,
Cervical Spondylosis,Griva Sandhigata Vata,,,Vata,Kapha,Pitta,"Cervical spondylosis is a degenerative condition affecting the neck, resulting in neck pain, stiffness, and reduced mobility. It's caused by age-related changes in the spine, such as bone spurs and intervertebral disc degeneration.",Maharasnadi Kwath,Maharasnadi Decoction,"Tikta (Bitter), Kashaya (Astringent)","Laghu (Light), Ruksha (Dry)",,Sheeta (Cooling),Katu (Pungent),Individuals with very low body weight or weakness,,,Brihat Trayodashanga Guggulu,Brihat Trayodashanga Guggulu Tablets,"Tikta (Bitter), Katu (Pungent)",,"Laghu (Light), Snigdha (Unctuous)",,Ushna (Hot),Katu (Pungent),Pregnant or breastfeeding women,Individuals with hyperacidity or gastric ulcers,,Sahacharadi Taila,Sahacharadi Oil,"Tikta (Bitter), Katu (Pungent)","Snigdha (Unctuous), Guru (Heavy)",,Sheeta (Cooling),Katu (Pungent),Individuals with skin allergies or hypersensitivity,,,,,,,,,,,,,,,,,,,,,,,,"Ashtanga Hridaya mentions the usage of Maharasandi Kwath for musculoskeletal disorders like cervical spondylosis. It contains herbs like Rasna, Guduchi, and Ashwagandha, known for their anti-inflammatory and analgesic properties, helpful in reducing pain and inflammation associated with cervical spondylosis.","Brihat Trayodashanga Guggulu is recommended in ancient texts like Charaka Samhita for its efficacy in managing Vata disorders. Its combination of various herbs like Guggulu, Shunthi, and Gokshura may help in relieving symptoms of cervical spondylosis by pacifying aggravated Vata dosha and supporting joint health.","Sahacharadi Taila, described in texts like Sushruta Samhita, is an herbal oil containing ingredients like Sahachara (Strobilanthes ciliatus) and Bala (Sida cordifolia). Its application in the affected area is believed to provide relief from pain and stiffness associated with cervical spondylosis.",,,,,,,,,
Osteoarthritis,Sandhivata,Sandhigata Vata,,Vata,Kapha,,"Osteoarthritis is a degenerative joint disease characterized by the breakdown of cartilage, leading to pain, stiffness, swelling, and limited joint movement. It commonly affects the hands, knees, hips, and spine.",Guggulu (Commiphora mukul),Guggul,"Tikta (Bitter), Katu (Pungent)","Laghu (Light), Snigdha (Unctuous)",,Ushna (Hot),Katu (Pungent),Pregnant or breastfeeding women,Individuals with bleeding disorders,,Ashwagandha (Withania somnifera),Ashwagandha Powder,"Katu (Pungent), Tikta (Bitter)",,"Laghu (Light), Snigdha (Unctuous)",,Ushna (Hot),Katu (Pungent),Individuals with hyperthyroidism,,,Triphala Churna,Triphala Powder,"Katu (Pungent), Tikta (Bitter), Kashaya (Astringent)","Ruksha (Dry), Laghu (Light)",,Sheeta (Cooling),Katu (Pungent),Individuals with excessive dryness or dehydration,,,,,,,,,,,,,,,,,,,,,,,,Ashtanga Hridaya and Charaka Samhita mention the use of the following herbs for managing osteoarthritis:,"Guggulu (Commiphora mukul) is described for its 'sandhivatahara' property in Ayurveda, indicating its effectiveness in alleviating joint-related disorders like osteoarthritis.","Triphala Churna, consisting of three fruits - Amalaki (Emblica officinalis), Bibhitaki (Terminalia bellirica), and Haritaki (Terminalia chebula), is known for its 'vatahar' properties that may help in reducing pain and inflammation associated with osteoarthritis.","Ashwagandha (Withania somnifera) is mentioned in Charaka Samhita as 'balya' and 'shothahara', indicating its role in providing strength and alleviating inflammation, which might aid in managing osteoarthritis symptoms.",,,,,,,,
Dengue,Dandaka Jwara,Visarpa,,Pitta,Vata,Kapha,"Dengue is a mosquito-borne viral infection that causes flu-like symptoms, including high fever, severe joint pain, muscle pain, headache, and rash. It is transmitted by the Aedes mosquitoes.",Papaya Leaf Extract,Papaya Leaf Juice,Tikta (Bitter),"Laghu (Light), Ruksha (Dry)",,Sheeta (Cooling),Katu (Pungent),Pregnant or breastfeeding women,,,Giloy (Tinospora cordifolia),Giloy Stem Powder,Tikta (Bitter),,"Laghu (Light), Snigdha (Unctuous)",,Sheeta (Cooling),Madhura (Sweet),Individuals with excessively low blood sugar,,,Tulsi (Ocimum sanctum),Tulsi Leaves,"Tikta (Bitter), Katu (Pungent)","Laghu (Light), Ruksha (Dry)",,Sheeta (Cooling),Katu (Pungent),Pregnant or breastfeeding women,,,,,,,,,,,,,,,,,,,,,,,,Ayurvedic texts such as Charaka Samhita and Bhavaprakasha emphasize the efficacy of Giloy (Tinospora cordifolia) and Tulsi (Ocimum sanctum) in managing dengue fever.,"Giloy, known as 'Amrita' in Ayurveda, possesses 'jwara-hara' properties, which aid in reducing fever, boosting immunity, and combating infections, as mentioned in various sections of Charaka Samhita.","Tulsi, revered for its 'jwaraghna' (fever-reducing) and 'vishaghna' (antidote) properties in Bhavaprakasha, is considered beneficial in alleviating symptoms associated with dengue and aiding recovery.",,,,,,,,,
Hepatitis B,Yakrit Vikara,,,Pitta,Kapha,Vata,"Hepatitis B is a viral liver infection caused by the Hepatitis B virus. It can lead to both acute and chronic liver disease, causing symptoms such as jaundice, fatigue, abdominal pain, nausea, and in chronic cases, liver cirrhosis or cancer.",Kalmegh (Andrographis paniculata),Kalmegh Extract,Tikta (Bitter),"Laghu (Light), Ruksha (Dry)",,Ushna (Hot),Katu (Pungent),Pregnant or breastfeeding women,Individuals with bleeding disorders,,Bhringraj (Eclipta alba),Bhringraj Oil,Tikta (Bitter),,"Laghu (Light), Snigdha (Unctuous)",,Sheeta (Cooling),Katu (Pungent),Excessive cold conditions,,,Arogyavardhini Vati,Arogyavardhini Tablets,"Tikta (Bitter), Katu (Pungent)","Laghu (Light), Snigdha (Unctuous)",,Sheeta (Cooling),Katu (Pungent),"High blood pressure, hyperacidity, and gastritis",,,,,,,,,,,,,,,,,,,,,,,,Bhavaprakasha and Charaka Samhita mention the use of the following herbs and remedy for managing Hepatitis B:,"Kalmegha (Andrographis paniculata) is acknowledged in Bhavaprakasha for its 'jvarahara' property, which means it has fever-reducing and antiviral properties that might assist in managing Hepatitis B, among other conditions.","Bringraj (Eclipta alba) is referenced in Charaka Samhita for its 'yakritottejaka' property, indicating its potential in promoting liver health, which might be beneficial in Hepatitis B management.","Arogyavardhini Vati, a classical Ayurvedic formulation, is recommended in Bhavaprakasha for its 'yakridushanashini' property, suggesting its role in detoxifying and supporting liver function, potentially aiding in Hepatitis B treatment.",,,,,,,,
Pneumonia,Shvasa Kasa,,,Kapha,Vata,Pitta,"Pneumonia is an infection that inflames the air sacs in one or both lungs. The air sacs may fill with fluid or pus, causing symptoms such as cough with phlegm or pus, fever, chills, and difficulty breathing.",Kantakari (Solanum xanthocarpum),Kantakari Extract,"Katu (Pungent), Tikta (Bitter)","Laghu (Light), Ruksha (Dry)",,Ushna (Hot),Katu (Pungent),Individuals with hyperacidity or ulcers,,,Vasa (Adhatoda vasica),Vasa Leaves,Tikta (Bitter),,"Laghu (Light), Ruksha (Dry)",,Sheeta (Cooling),Katu (Pungent),Pregnant or breastfeeding women,Individuals with hypoglycemia,,Talisadi Churna,Talisadi Powder,"Madhura (Sweet), Katu (Pungent)","Guru (Heavy), Snigdha (Unctuous)",,Ushna (Hot),Madhura (Sweet),Individuals with diabetes or high blood sugar levels,,,,,,,,,,,,,,,,,,,,,,,,Ashtanga Hridaya and Charaka Samhita mention the efficacy of the following herbs and formulation in the treatment of pneumonia:,"Kantakari (Solanum xanthocarpum) is described for its 'kapha-shamaka' (balancing Kapha dosha) properties, believed to aid in respiratory ailments like pneumonia by reducing congestion and facilitating easy breathing.","Vasa (Adhatoda vasica) is referred to as 'shwasa-kasa-hara' in Ayurveda, indicating its effectiveness in managing respiratory disorders, including pneumonia, by its expectorant and bronchodilator actions.","Talisadi Churna, a formulation mentioned in Ashtanga Hridaya, contains ingredients like Talisa (Abies webbiana) and other herbs. It is known for its effectiveness in respiratory conditions like pneumonia, helping to relieve cough and congestion.",,,,,,,,
Varicose Veins,Sira Granthi,,,Vata,Pitta,Kapha,"Varicose veins are enlarged, twisted veins that often appear blue or dark purple, commonly occurring in the legs. They may cause discomfort, pain, or aching, especially after prolonged standing or sitting.",Guggulu (Commiphora mukul),Guggul,"Tikta (Bitter), Katu (Pungent)","Laghu (Light), Snigdha (Unctuous)",,Ushna (Hot),Katu (Pungent),Pregnant or breastfeeding women,Individuals with bleeding disorders,,Manjistha (Rubia cordifolia),Manjistha Powder,Tikta (Bitter),,"Laghu (Light), Ruksha (Dry)",,Sheeta (Cooling),Katu (Pungent),Individuals prone to kidney stones,,,Punarnava (Boerhavia diffusa),Punarnava Extract,"Katu (Pungent), Tikta (Bitter)","Laghu (Light), Ruksha (Dry)",,Ushna (Hot),Katu (Pungent),Individuals with kidney diseases or edema,,,,,,,,,,,,,,,,,,,,,,,,,,,,,,,,,,,
Hypothyroidism,Kshaya,,,Kapha,Vata,Pitta,"Hypothyroidism is a condition where the thyroid gland doesn't produce enough thyroid hormones. It leads to symptoms like fatigue, weight gain, dry skin, constipation, and feeling cold.",Guggulu (Commiphora mukul),Guggul,"Tikta (Bitter), Katu (Pungent)","Laghu (Light), Snigdha (Unctuous)",,Ushna (Hot),Katu (Pungent),Pregnant or breastfeeding women,Individuals with bleeding disorders,Described in Charaka Samhita for 'lekhaniya' (scraping) properties to help manage weight gain and balance thyroid function.,Kanchanar Guggulu,Kanchanar Guggulu Tablets,"Tikta (Bitter), Katu (Pungent)",,"Laghu (Light), Ruksha (Dry)",,Ushna (Hot),Katu (Pungent),Individuals with constipation or stomach ulcers,,"Mentioned in Ashtanga Hridaya for its 'medohara' (fat-reducing) properties, useful in goiter and hypothyroidism management.",Shigru (Moringa oleifera),Moringa Leaves,Tikta (Bitter),"Laghu (Light), Ruksha (Dry)",,Ushna (Hot),Katu (Pungent),Pregnant or breastfeeding women,Individuals with liver disorders,"Cited in Bhavaprakasha for its 'deepana' (digestive) properties, supporting improved digestion and metabolism in hypothyroidism.",,,,,,,,,,,,,,,,,,,,,,Charaka Samhita,Ashtanga Hridaya,Bhavaprakasha,,,,,,,,,
